,Latitude,Longitude
0,40.84916900104506,-73.86835600032798
1,40.84912800131844,-73.86821300022677
2,40.84122300105249,-73.87349900050798
3,40.84145300067447,-73.8728919997833
4,40.84081500075867,-73.87962300013866
5,40.840434000875874,-73.88000500027815
6,40.84035400111976,-73.87983300021861
7,40.84063900116436,-73.8795549998336
8,40.84107800066419,-73.87939700013239
9,40.83732500129732,-73.88804799985908
10,40.83759900080287,-73.88775499967073
11,40.82990300129103,-73.8920200000541
12,40.83036900118696,-73.89201499957316
13,40.824356000986995,-73.8928969996593
14,40.82417700086825,-73.89311400018327
15,40.82435800046701,-73.89272399968436
16,40.82240000099551,-73.89650800005289
17,40.822447000685614,-73.89671899954544
18,40.82209500126821,-73.89668100059053
19,40.81958300055107,-73.90195799960925
20,40.81988700097359,-73.90166599969895
21,40.816201000889976,-73.90794199971145
22,40.81634900118909,-73.90783599990867
23,40.816589001345,-73.90789300002874
24,40.81687300084191,-73.90737899951296
25,40.816247000954746,-73.91779800052478
26,40.816315000918856,-73.91754299959281
27,40.81624200101981,-73.91793400026026
28,40.816265000695616,-73.91745600003321
29,40.82406900082459,-73.93698100017718
30,40.820343000629556,-73.9365079998309
31,40.82066200082306,-73.93627500051028
32,40.81402400066214,-73.94111700020044
33,40.81431600078061,-73.94090999997408
34,40.80768100084603,-73.94575199990311
35,40.807995000617474,-73.94552399978897
36,40.80194500059596,-73.94994299962482
37,40.802229000880594,-73.9497339996279
38,40.79849700071488,-73.95267200045232
39,40.75954200052247,-73.82988499974958
40,40.75970600083494,-73.82994300022399
41,40.75945100062502,-73.82992700036094
42,40.75958700091248,-73.83040800033365
43,40.75940400122518,-73.83033299958196
44,40.754777000898834,-73.84573700003628
45,40.754394001173765,-73.84583200008146
46,40.75465700078071,-73.846014000518
47,40.75476800051026,-73.84559800035487
48,40.75161000050445,-73.85606500055066
49,40.7514230005298,-73.85599600026607
50,40.751551000801946,-73.85562800021326
51,40.74978700120902,-73.8623889994136
52,40.74997300072977,-73.86242500039948
53,40.749775001274365,-73.86253700028536
54,40.74996400053782,-73.86254600024824
55,40.749263000986595,-73.86937600053827
56,40.74909500084612,-73.8691200004944
57,40.74926600095647,-73.86921999985785
58,40.7490280012045,-73.86957400050606
59,40.7492130007807,-73.86969600002895
60,40.748318000803934,-73.87643200054285
61,40.74859000125293,-73.87646099976699
62,40.748582000928245,-73.87659099944513
63,40.74781200071324,-73.88387600017465
64,40.74745300056411,-73.88397300018983
65,40.747797001025944,-73.88402800010363
66,40.746509000982186,-73.89626799980942
67,40.74614800114902,-73.89639599982912
68,40.745531000834546,-73.90324800020599
69,40.74571700080551,-73.9030630001761
70,40.74569200063943,-73.90323399968668
71,40.74393300069892,-73.91300299979955
72,40.74406700117441,-73.91308000030901
73,40.74445300048593,-73.91128200023064
74,40.74459000117725,-73.91129400006578
75,40.743064000975544,-73.9186010004369
76,40.74321700071532,-73.91856399986699
77,40.74310500067605,-73.91884800020249
78,40.743240000765105,-73.91881300055115
79,40.74371000112609,-73.92416100027046
80,40.74388200082643,-73.92411200014045
81,40.74374300100013,-73.92441700024656
82,40.74391100111205,-73.92438500038787
83,40.74456800061942,-73.93157000009163
84,40.744724000461275,-73.93153300052721
85,40.74459400056049,-73.93182900025066
86,40.74476300048575,-73.9317939996055
87,40.7508350011798,-73.9396710002236
88,40.750302000858184,-73.940244999736
89,40.746308001163634,-73.94571300016653
90,40.74613000057653,-73.94534899958121
91,40.74623200075596,-73.94532200035314
92,40.742500001189924,-73.94860899952165
93,40.74240500087813,-73.94810999980871
94,40.742422001095164,-73.9481950003783
95,40.74275900114013,-73.9538929998818
96,40.74280300130392,-73.95395500036102
97,40.753409001192345,-73.98112999996737
98,40.702033000801315,-74.01314899949054
99,40.702033000801315,-74.01314899949054
100,40.701961000593066,-74.01339699956122
101,40.701961000593066,-74.01339699956122
102,40.76209200118288,-73.9663399998183
103,40.76235300051639,-73.96615499958986
104,40.76199600064206,-73.96610500024993
105,40.76225500079114,-73.96591800006873
106,40.76459900091597,-73.97422800020375
107,40.764935001318285,-73.9741909995507
108,40.76485900130548,-73.97399800052692
109,40.76425800051672,-73.98127799942094
110,40.76405700096569,-73.98080300054961
111,40.76437700115304,-73.98116699968199
112,40.76417900101943,-73.98068299949864
113,40.76045400110487,-73.98338800031021
114,40.75903000051641,-73.98441200013421
115,40.759513000523555,-73.9848840002975
116,40.7593840008346,-73.98470900013602
117,40.760297001282645,-73.983566999586
118,40.75417200053055,-73.98668000023042
119,40.754335000754985,-73.98709699980543
120,40.75430100123342,-73.98662299991872
121,40.754507001220134,-73.98710799954023
122,40.74959000083694,-73.9876200005048
123,40.74989100127905,-73.98749500039362
124,40.74829400133664,-73.98797600009624
125,40.74847700103222,-73.98828799998653
126,40.745281001027514,-73.98892300054607
127,40.74548800070196,-73.98901000023109
128,40.740643000678176,-73.98921700007142
129,40.74120800048306,-73.98963900052017
130,40.7419130008876,-73.98942800017326
131,40.74075800113276,-73.9896320000055
132,40.736339000909425,-73.99060299993691
133,40.7365230005194,-73.99044699972468
134,40.72967800077502,-73.99305100039543
135,40.73064200093977,-73.99273699962603
136,40.73059200087505,-73.99261999986997
137,40.73071600054057,-73.99251700000923
138,40.730773000808504,-73.99264099990762
139,40.724260000652734,-73.99795699956412
140,40.72434400046753,-73.99787499970364
141,40.71958500129559,-74.0019299996069
142,40.71966000052618,-74.00201900001107
143,40.71940800114969,-74.00215800047437
144,40.719460000499545,-74.00223600009556
145,40.6088350009905,-73.95776900005806
146,40.59899100093364,-73.95582799955477
147,40.595020000759654,-73.9551200002249
148,40.58730200083184,-73.954223999936
149,40.57798600098538,-73.96025800029547
150,40.577931001322625,-73.96052400057089
151,40.577746001029006,-73.96023100018317
152,40.577697001130275,-73.96043800015305
153,40.57642300107101,-73.96789400057325
154,40.576445000451336,-73.96759099960158
155,40.576209000557355,-73.96787500037775
156,40.57623400093167,-73.96756100003365
157,40.575499000848396,-73.97687299966972
158,40.57592900101308,-73.97674700022307
159,40.57690000134535,-73.98084599950501
160,40.64633700121817,-73.99448899987257
161,40.64018500077808,-73.99442299985472
162,40.64018000098069,-73.99422000043182
163,40.64136000117219,-73.9944109994909
164,40.64137900096152,-73.9941880002461
165,40.63613300097741,-73.99491500048453
166,40.63613900052338,-73.9947020002238
167,40.63641500047355,-73.9948789997417
168,40.63640500075824,-73.99467300018873
169,40.63138900082608,-73.99526200010341
170,40.63153800051997,-73.9956429999148
171,40.63170900124219,-73.99528300054382
172,40.61883400119433,-73.99919500003303
173,40.619133001338305,-73.99923999991759
174,40.61877000052378,-73.99899500042902
175,40.6188890009745,-73.99883200058711
176,40.61285500054176,-74.0008919994665
177,40.61284700061145,-74.00072099959921
178,40.60760200112182,-74.001491000569
179,40.60772300097482,-74.00189400049318
180,40.607897001127455,-74.00162800005522
181,40.60443900088166,-73.99816400038932
182,40.60458700083699,-73.9980069998917
183,40.6046310005965,-73.99849799968783
184,40.60478900051507,-73.99834900054789
185,40.601726001220165,-73.99369600038919
186,40.60189800117387,-73.99353800042097
187,40.60199300109585,-73.99413000010537
188,40.60215000128454,-73.99394800015628
189,40.597889001091715,-73.9869580004091
190,40.59810000066808,-73.9872790005634
191,40.59775100078925,-73.98711199986317
192,40.59795200062024,-73.98744200051077
193,40.5880220010568,-73.98373500008773
194,40.58806600105337,-73.9834979996632
195,40.588305001122556,-73.98379099979309
196,40.58834800097843,-73.98354300013526
197,40.634552000604174,-74.01072599969021
198,40.63217900062705,-74.00665799960328
199,40.62560600131959,-73.99682999968425
200,40.620062000905534,-73.98940999985166
201,40.617341001073875,-73.98484000011217
202,40.61298900111904,-73.98208399986588
203,40.60510700076654,-73.98057800010078
204,40.59645900059184,-73.97894299952885
205,40.59272400119584,-73.97822700039235
206,40.70025400130229,-73.82933199999007
207,40.70052000103535,-73.82923100020398
208,40.696771000936984,-73.83704200031487
209,40.69705500070232,-73.83715599995726
210,40.69503300049355,-73.84329800036508
211,40.69526700049504,-73.8432230004546
212,40.69345100050823,-73.85255599957513
213,40.69356300102105,-73.85260800014532
214,40.69238100119143,-73.85897499964982
215,40.69266600067277,-73.85909799998258
216,40.691285000919926,-73.86642500006252
217,40.69147900073444,-73.86661000037445
218,40.690142000989724,-73.87163000026061
219,40.68947000062051,-73.87344900014045
220,40.689596000921384,-73.87355499976613
221,40.68347800076632,-73.8725480005001
222,40.68358800131416,-73.87259999991767
223,40.68175700074933,-73.87900700042076
224,40.68164300107813,-73.8789840000952
225,40.679656001316204,-73.88573099972542
226,40.6795300007475,-73.88571600056578
227,40.67784700081332,-73.89171100013446
228,40.6778640010583,-73.89156599958824
229,40.676755001150994,-73.89983400030188
230,40.676803000654886,-73.89951000022218
231,40.68331300061073,-73.91133399968001
232,40.68341700123608,-73.91124200031585
233,40.68584700080485,-73.91580700053865
234,40.68594600114954,-73.91571299993404
235,40.69003000093132,-73.92316100003609
236,40.69014200099831,-73.9230620005719
237,40.69293000085254,-73.92825699993675
238,40.69292900134402,-73.92793999986904
239,40.696893001205396,-73.93546099976311
240,40.69698700120347,-73.93555900013396
241,40.70062900108737,-73.94199499953496
242,40.70072000120875,-73.94167200037049
243,40.700634001147975,-73.94217300005141
244,40.7008470007834,-73.94170999997885
245,40.704279000920536,-73.94832399943942
246,40.704396001346986,-73.94822299970957
247,40.70711700077497,-73.95436999956549
248,40.707248000525176,-73.95432599948872
249,40.70856500125251,-73.95789299953161
250,40.70840900113537,-73.95768900053834
251,40.7085290004772,-73.95804799973861
252,40.718410001156236,-73.9871809998949
253,40.718551001133584,-73.98765000027731
254,40.71997700124279,-73.99357600025895
255,40.72029100055331,-73.9934109994752
256,40.71208200050858,-73.88954000033932
257,40.70595500075515,-73.89623200021862
258,40.70611500110734,-73.89555899945998
259,40.70472900065514,-73.9022430000838
260,40.70444300124261,-73.90238900043751
261,40.7027800005958,-73.90751499974346
262,40.70283500071398,-73.90789399983775
263,40.69871700063333,-73.91865500019517
264,40.6989130007839,-73.91877099960458
265,40.69803300067644,-73.92637100008922
266,40.697876001059875,-73.92652499982937
267,40.739550001066604,-74.00238899971183
268,40.73973400046957,-74.00280399953128
269,40.73296100058313,-73.98665699977253
270,40.7331340005307,-73.98704099981326
271,40.731397001089974,-73.98211199956941
272,40.73148300115578,-73.98214500027808
273,40.71771400067521,-73.95769499981996
274,40.717821001175004,-73.95756800032262
275,40.71466100106637,-73.94428699951894
276,40.714613000884,-73.94457000057422
277,40.71191200130368,-73.94043299957767
278,40.71218200127148,-73.94066799998177
279,40.7077230006109,-73.94004399943948
280,40.70781900048571,-73.93974899951226
281,40.70631700076304,-73.93169600055865
282,40.706210000733776,-73.93196000048461
283,40.70594300064172,-73.92203599997379
284,40.70622800103714,-73.92190999960397
285,40.7060820011396,-73.92230000056091
286,40.706320001275316,-73.92206200054775
287,40.70415300094857,-73.91927300030697
288,40.704379000941465,-73.91902600014936
289,40.70432600123379,-73.91945199951506
290,40.70448000083975,-73.9191840002381
291,40.69609400045734,-73.9044300000085
292,40.69606900080405,-73.90466499951953
293,40.762937001104106,-73.98157800036606
294,40.762793001305745,-73.98168999986704
295,40.70235300071414,-73.799784000399
296,40.701855000946445,-73.80174000007797
297,40.70282100056658,-73.79984299959095
298,40.70231100131282,-73.79999099958937
299,40.70188600094776,-73.8017540004326
300,40.702674000565295,-73.79978600041868
301,40.702324000832135,-73.80001000044307
302,40.700401000758944,-73.80797600010499
303,40.70081000060715,-73.80792299994022
304,40.70055400074703,-73.80735299967046
305,40.70087200047265,-73.80767300014476
306,40.7012630005995,-73.81637200045567
307,40.702731001146795,-73.81726999980881
308,40.70124100102852,-73.81657699964936
309,40.74621400113022,-73.94511500032408
310,40.74462500079915,-73.94911699949725
311,40.74477100068718,-73.94865800040836
312,40.74455200049062,-73.94842500006718
313,40.73007000134703,-73.95437699986623
314,40.7301220004672,-73.95404899990837
315,40.730278000623315,-73.95448800017715
316,40.72365000111555,-73.95092899956587
317,40.72376500117912,-73.9505660005446
318,40.72378000089501,-73.95098500005642
319,40.723894001089846,-73.95066500048242
320,40.71414000090997,-73.95135000052636
321,40.71392700124403,-73.95173699967242
322,40.7051140011964,-73.95006200045962
323,40.70549000069345,-73.95055400007777
324,40.70549500046039,-73.9500889999115
325,40.70520400100888,-73.95031999979358
326,40.69958200052498,-73.95016400039005
327,40.69543600112017,-73.94948000029783
328,40.68999500055366,-73.95161600010411
329,40.68975700129054,-73.95161200023976
330,40.68894200054612,-73.96021500021762
331,40.68878100077371,-73.95987100016234
332,40.68875300114247,-73.96018999989462
333,40.68811400117377,-73.96757500050515
334,40.68811400117377,-73.96757500050515
335,40.68787500108729,-73.96793100031711
336,40.68787500108729,-73.96793100031711
337,40.68846000057322,-73.96574899975677
338,40.68846000057322,-73.96574899975677
339,40.68815700090346,-73.965578999989
340,40.68815700090346,-73.965578999989
341,40.68715900067602,-73.97628999951374
342,40.68716000111625,-73.97686500042563
343,40.889783000890915,-73.89843200045328
344,40.889683001346754,-73.89792499951669
345,40.89013600109805,-73.89825699978446
346,40.88994600102675,-73.89779799986037
347,40.88481300063471,-73.90092299968606
348,40.878775000952515,-73.90502400016787
349,40.87916800087231,-73.9047509996186
350,40.874437000660414,-73.9105289996505
351,40.86941200089763,-73.91545500000119
352,40.86979300113744,-73.91516999982605
353,40.86474500120516,-73.91886400044963
354,40.86428300127663,-73.91922200035864
355,40.86118300120977,-73.92511000049237
356,40.861187001123554,-73.92507800016078
357,40.54023838312863,-74.17870202747334
358,40.63631005470929,-74.07472117936834
359,40.54064030968037,-74.17746136164392
360,40.513394999768536,-74.25114200530203
361,40.52535277285607,-74.20081488169684
362,40.551044828771424,-74.151490395228
363,40.51783236016187,-74.23900680150932
364,40.59608371277666,-74.08756358705132
365,40.58898083133198,-74.09566269024818
366,40.6036463903815,-74.08361004730492
367,40.5794406004058,-74.10909547424173
368,40.51538834259189,-74.24543268887537
369,40.556853330491705,-74.1362980235717
370,40.522795218815794,-74.21661689499
371,40.85537400078619,-73.92953599966226
372,40.8564130010661,-73.93260500034644
373,40.84943500131897,-73.93342800012336
374,40.84909800112342,-73.9337469994527
375,40.83426800130478,-73.94518300038898
376,40.834221000799,-73.94507299964854
377,40.82665700086404,-73.95051999955042
378,40.82158400072177,-73.9542229998489
379,40.82134800084509,-73.95440800002518
380,40.815143000777624,-73.95843900056369
381,40.81568800046402,-73.95855400038508
382,40.815307001276445,-73.95882600040818
383,40.81523000117834,-73.958366000247
384,40.80825100090538,-73.96395500043013
385,40.808099000602446,-73.96360299941038
386,40.808400000687584,-73.9638450000096
387,40.80824500112703,-73.96349499943106
388,40.80439000119268,-73.96678600037963
389,40.79928200045936,-73.96867899990173
390,40.799142000928825,-73.96831399978942
391,40.79941000081965,-73.96861199993799
392,40.79922300072293,-73.96827099976497
393,40.78834900101238,-73.97693499959243
394,40.7885150007288,-73.97671799994522
395,40.78406600125539,-73.98005100010229
396,40.7837650011059,-73.98027399970793
397,40.77914600118901,-73.98182200022524
398,40.77887500103648,-73.98187700022096
399,40.773738000964435,-73.98244800053143
400,40.773829000793576,-73.98243300055154
401,40.77357600059736,-73.98242499949802
402,40.76111100084517,-73.98343599966064
403,40.76128200101848,-73.98385299964245
404,40.76121200085311,-73.98335700040131
405,40.76136700047133,-73.98378199996694
406,40.75624100077108,-73.9871330002365
407,40.75604200125014,-73.987242000417
408,40.751046000520134,-73.99127099949824
409,40.74391000081463,-73.99560800007117
410,40.74412000048408,-73.9953479998761
411,40.74092000119855,-73.9976979995116
412,40.74101500048004,-73.9975799995167
413,40.73848400068603,-73.99991400034781
414,40.738775001128936,-73.99971100045268
415,40.73858500099508,-73.99940500049415
416,40.733402001034655,-74.00274800048986
417,40.728472000973596,-74.0051880005409
418,40.728656001058766,-74.00508600020933
419,40.722569000738225,-74.00608000044372
420,40.72249700051474,-74.0059939994229
421,40.71900100095171,-74.00667500031243
422,40.7154440005533,-74.00945300038241
423,40.62530700095405,-73.96096900015866
424,40.625363000482295,-73.9606539998178
425,40.618140000630724,-73.95946000002303
426,40.609062000781535,-73.95780799949603
427,40.58573400104336,-73.95437100041163
428,40.5776180011225,-73.9619939997117
429,40.57765600108124,-73.96179199971967
430,40.5773870011973,-73.96191200012127
431,40.57742500131019,-73.9617190003475
432,40.576507000817266,-73.96944499992779
433,40.576487001201215,-73.96924299999988
434,40.57575200063361,-73.97674000054973
435,40.57646400084496,-73.97486200011457
436,40.57624100083492,-73.98107699963558
437,40.627299001301736,-73.99646500020995
438,40.627110001144935,-73.99687000021943
439,40.62736700105922,-73.99672900056984
440,40.63060900111048,-74.00406700058724
441,40.624246000716944,-73.99596200038907
442,40.62130600062646,-73.99146900051102
443,40.61057200069324,-73.98161300019369
444,40.603212001127204,-73.98019899989467
445,40.59851200104023,-73.97933500002254
446,40.700808001026594,-73.82738999967381
447,40.69407700090907,-73.85047599976244
448,40.708293001146934,-73.95804400057325
449,40.708788000948154,-73.95882600028455
450,40.70827100091838,-73.95774899947165
451,40.70840300070704,-73.95812400025471
452,40.708681000471664,-73.95892699964104
453,40.71782300104115,-74.00032599953003
454,40.712699000660656,-74.00409900011306
455,40.71419900086895,-74.00318700001199
456,40.71024100133676,-74.008021999885
457,40.71010600058578,-74.00764799967342
458,40.70937600121553,-74.00837499959205
459,40.71038800045965,-74.00793499971903
460,40.710211000789,-74.00758400053654
461,40.709507000739215,-74.00829500025311
462,40.70614200080869,-74.01112799959888
463,40.70596100081817,-74.01122900028547
464,40.706001001193364,-74.01149700017311
465,40.706439000639115,-74.01126299980652
466,40.7057470008398,-74.01155399943313
467,40.73719700133645,-73.9967040002893
468,40.73714900060612,-73.99657800032142
469,40.73475500085548,-73.99099099997512
470,40.734859001333184,-73.9912350005178
471,40.73312200055631,-73.98654799947136
472,40.73327700049357,-73.98693099981813
473,40.73105000120231,-73.98262500051983
474,40.73111800092481,-73.98256299944175
475,40.716888001064106,-73.95636700052131
476,40.71699100110155,-73.95625699960179
477,40.7139080006619,-73.94926199991923
478,40.71421000124828,-73.9493130000467
479,40.714439000743,-73.94418999943257
480,40.714433000678135,-73.94454600031068
481,40.71179100063892,-73.94074199974496
482,40.71201700050525,-73.94097599969999
483,40.70346100094077,-73.91760599980049
484,40.703540001090744,-73.91777100050616
485,40.69981400080795,-73.91129500027324
486,40.69946800067977,-73.91064799977616
487,40.69980700134659,-73.9109990002118
488,40.69587100102467,-73.9051429996001
489,40.695990000756716,-73.90526499961696
490,40.66374900051789,-73.90048200047256
491,40.86828400080386,-73.91960700045321
492,40.86803600121992,-73.91928399950918
493,40.86529600057023,-73.92741100042666
494,40.8652480006033,-73.92727900029607
495,40.86534200096004,-73.92696399956364
496,40.86544600109435,-73.92703500043224
497,40.85077800124626,-73.9384720001484
498,40.85071700091415,-73.93821400040399
499,40.85087000131911,-73.93853699965577
500,40.84635200071115,-73.94028700046785
501,40.84640700120318,-73.93986100054526
502,40.84186000108137,-73.93956899975426
503,40.84192800057145,-73.93945500009073
504,40.84176000106231,-73.93906700033133
505,40.825622000508176,-73.94379599971889
506,40.82558100084003,-73.94344399953793
507,40.818558000696186,-73.94754299944589
508,40.81718800079138,-73.94766500014222
509,40.816892001179326,-73.94781799969812
510,40.81686700046872,-73.94795299949008
511,40.81835400106519,-73.94721299966716
512,40.811858000642076,-73.95135100055747
513,40.811990000867716,-73.95174499993097
514,40.804428000771175,-73.95502400050259
515,40.80417200097991,-73.95513100031359
516,40.80086600068446,-73.95840499941482
517,40.792285001035324,-73.96442299966145
518,40.792591001187866,-73.96431599945484
519,40.786769000752294,-73.9684479997323
520,40.78611500067194,-73.96901099942797
521,40.78089500051565,-73.97291799974646
522,40.78031900056935,-73.97317900024049
523,40.77494000127264,-73.97714399988875
524,40.76864900124288,-73.98118399996902
525,40.76208500131275,-73.9858289999567
526,40.762216000513796,-73.98575699964927
527,40.75856700105674,-73.98905300037535
528,40.75840100127259,-73.98867300047789
529,40.75868500081034,-73.98898999970584
530,40.75268900056211,-73.99274200034682
531,40.752796001220474,-73.99266899976912
532,40.75276600070955,-73.99259599997431
533,40.752877000838836,-73.99324400043513
534,40.75305300085618,-73.9932559994322
535,40.753032000666956,-73.99318800005699
536,40.75217800112652,-73.99370100036371
537,40.75242700054559,-73.99367900021578
538,40.746732000857875,-73.99771099962196
539,40.746603000567475,-73.99780099972368
540,40.74527800074828,-73.99877100051596
541,40.74550500079417,-73.99864200035957
542,40.74653500099534,-73.99727100051525
543,40.74648300082506,-73.9971420000466
544,40.746110000959604,-73.9981449996875
545,40.745814001186666,-73.99785199946204
546,40.746427000602445,-73.99734999944268
547,40.73306700126593,-73.99972799977385
548,40.73325900097799,-73.99961499984104
549,40.73307200104815,-74.00019200003808
550,40.725595000816554,-74.0043259999925
551,40.726208001134815,-74.00398999953292
552,40.71987000052798,-74.00503799997084
553,40.714873001086865,-74.00816199981509
554,40.714777001341815,-74.00790300022199
555,40.71509900079141,-74.00798899963942
556,40.71499200122226,-74.00773899971288
557,40.713949000967396,-74.00895999968903
558,40.71431300062494,-74.00858399956304
559,40.71453900063783,-74.00842800052166
560,40.69911200077627,-73.98892000026513
561,40.6992120007885,-73.98827399986597
562,40.69324300093006,-73.98740199983688
563,40.693491000800925,-73.98708900020479
564,40.69315300072796,-73.98740799975512
565,40.6931530009137,-73.98748399943115
566,40.69324300054568,-73.98748099994933
567,40.692397001054964,-73.98716199997669
568,40.6923290011767,-73.98716699975473
569,40.68286800096481,-73.96462999970235
570,40.683172001121186,-73.96468899975191
571,40.68125600117548,-73.95558999983704
572,40.68022800088118,-73.94941399980395
573,40.68026200129792,-73.94963499976966
574,40.67980400107332,-73.94111899960131
575,40.67972800106906,-73.94136199958852
576,40.679530001016616,-73.93202100004619
577,40.67934600127338,-73.93198699967262
578,40.678513000972146,-73.91077299978465
579,40.678460000551205,-73.91097100043184
580,40.679215000927314,-73.86029100016712
581,40.679361001121286,-73.8602840005439
582,40.680611000542676,-73.84253699987947
583,40.68077400101242,-73.84255800024278
584,40.6839720010424,-73.83281599943217
585,40.684111000796676,-73.83288900013594
586,40.68572000058409,-73.82709200048289
587,40.68586800122389,-73.82710700003341
588,40.66933900098021,-73.83472100053949
589,40.6601600012903,-73.83037199970069
590,40.87402100117967,-73.87750100055958
591,40.87426200051529,-73.87753300001039
592,40.87408400122103,-73.88711199975013
593,40.874025000515374,-73.886465999825
594,40.86618100066827,-73.89430600010499
595,40.866369000845204,-73.89452099968575
596,40.86612700092387,-73.8939819996125
597,40.86229600060811,-73.89688500022153
598,40.86260800109758,-73.89666199972325
599,40.85105200053909,-73.90509299953474
600,40.8511760013481,-73.90426299981107
601,40.84646100078523,-73.90979600013416
602,40.846354000523775,-73.90904699947147
603,40.83861800121276,-73.91419099980621
604,40.838991000761844,-73.91403700038497
605,40.838421000768925,-73.91362600031424
606,40.83311100089355,-73.91939899960248
607,40.82737200047046,-73.92421699984025
608,40.82757200132717,-73.92402800004501
609,40.82753900047789,-73.92415600017806
610,40.75862300052824,-73.98156599967372
611,40.75897700046408,-73.98135199985333
612,40.75910500089732,-73.98125200006085
613,40.75780100092034,-73.98178800045342
614,40.758024000778704,-73.98207900028763
615,40.757981001203724,-73.98153999957127
616,40.75786200084005,-73.98173499948511
617,40.75848600104593,-73.98115799990187
618,40.75861500065464,-73.98109499996352
619,40.75370900094357,-73.98508399989426
620,40.75533300052329,-73.98393399979334
621,40.755008001230735,-73.98424900033847
622,40.754832000540624,-73.98365699985403
623,40.75347300097601,-73.98525900033071
624,40.75340800086248,-73.98489200039207
625,40.75354600106577,-73.98477899947437
626,40.750674001310706,-73.98803100021101
627,40.750271000742266,-73.98706599953431
628,40.75088000056648,-73.98809599983437
629,40.75064700116795,-73.98734599965809
630,40.75040400129933,-73.98698900050714
631,40.74312100053112,-73.99309899994718
632,40.743066000637675,-73.99297099946992
633,40.74297700127477,-73.99318800043537
634,40.74292200094004,-73.99306600056732
635,40.738678000646054,-73.99563200053089
636,40.738529001083776,-73.99568500052408
637,40.73883800075859,-73.99602300002492
638,40.73871800068385,-73.99612100013594
639,40.73728600045643,-73.99643700040905
640,40.73731600124041,-73.99650799960733
641,40.72534400048191,-73.99561200053306
642,40.72395000121395,-73.99129800004937
643,40.7236650008619,-73.99165100017173
644,40.71837200106312,-73.98844500031885
645,40.718207001246554,-73.9882730001973
646,40.713906000914186,-73.99001399998978
647,40.71419400126964,-73.99035200049538
648,40.714404000928866,-73.98991800019905
649,40.6867080007296,-73.99062899995235
650,40.68686800095415,-73.99052599991127
651,40.68557900083901,-73.99146499975895
652,40.685445000749795,-73.99113100028609
653,40.68080600064838,-73.99434999994897
654,40.68094400115407,-73.99424699974075
655,40.68111500089429,-73.99443399977244
656,40.66070500052888,-73.97952200050106
657,40.66076300087218,-73.97899200049449
658,40.66128700051535,-73.97939500020668
659,40.66140000122864,-73.97976199963267
660,40.64985400091236,-73.97581500046593
661,40.645042000619085,-73.97957300020755
662,40.64490800084142,-73.98001899984308
663,40.63709300102466,-73.97846300038118
664,40.63710700134549,-73.97825700046194
665,40.62867400088844,-73.97689199972457
666,40.62870800073174,-73.97664599991317
667,40.61612100075442,-73.97450700057627
668,40.616160000837894,-73.97427000021857
669,40.602197000869936,-73.97263999995965
670,40.602178000458885,-73.97237900036963
671,40.71264000072137,-73.7844110005385
672,40.71229500098154,-73.78427999968055
673,40.712575000973004,-73.78466900029369
674,40.712240001310136,-73.78445599982852
675,40.712483000681516,-73.78506400024834
676,40.71224200071936,-73.78496800057597
677,40.709812000679044,-73.79471200019431
678,40.71015400095228,-73.79492200044278
679,40.70985200130507,-73.79456399997261
680,40.71018400063838,-73.79472999958533
681,40.7070620010458,-73.80433200036327
682,40.70735800092373,-73.80449800047982
683,40.707063000830956,-73.8046199999623
684,40.70534100079666,-73.81185999944066
685,40.704906000698074,-73.81195600052062
686,40.71414500046079,-73.83088600011864
687,40.7150190012173,-73.83162000055567
688,40.71467300117339,-73.83215100004777
689,40.714929001034086,-73.83150100018808
690,40.7222690013306,-73.84515300039851
691,40.7214090013249,-73.84463200058282
692,40.72191600071852,-73.8443519997078
693,40.72603000070775,-73.8521860005233
694,40.72636700091653,-73.85159199994669
695,40.73318800132119,-73.8686050001064
696,40.747238000676866,-73.89214599949497
697,40.74703400116454,-73.89255499974475
698,40.753428000940325,-73.90684699953115
699,40.756029001321124,-73.91217999996306
700,40.69359400114908,-73.99030400029861
701,40.693838000972846,-73.99011900016225
702,40.69356900127375,-73.99059899993928
703,40.69372800104672,-73.99062999972973
704,40.6903880009171,-73.98529900022486
705,40.688235000675654,-73.98063900048187
706,40.68805300066145,-73.98050599959079
707,40.684976001123324,-73.97787999958045
708,40.680695000563894,-73.97474799971003
709,40.68091100102721,-73.97495999969104
710,40.67495000089224,-73.97098999943682
711,40.67511000062565,-73.97082200058854
712,40.675142000611466,-73.97121599997601
713,40.675286000723155,-73.97082499999514
714,40.67212200105748,-73.96415400053795
715,40.67178900108896,-73.96430099956063
716,40.670485001093176,-73.95780600046888
717,40.67073200090646,-73.95769599997868
718,40.6703370012649,-73.95797300014002
719,40.67092200133036,-73.9577639995014
720,40.66971100134063,-73.95024700055183
721,40.669741001251154,-73.95079799952086
722,40.66926100109585,-73.94194800010953
723,40.66928900110269,-73.94246299993728
724,40.66893500078372,-73.93183099941535
725,40.66870000130495,-73.9317019994826
726,40.668960001113675,-73.93167500025572
727,40.66870800073885,-73.93188300008327
728,40.66896900091607,-73.93187399954088
729,40.66489100052888,-73.92267499950918
730,40.664887000476114,-73.92310899973509
731,40.665160000760956,-73.92297000044142
732,40.66155800062382,-73.91522500048707
733,40.66168900084216,-73.91524000005026
734,40.66140100071618,-73.91554299976134
735,40.662401000912325,-73.90880899964864
736,40.66270300085208,-73.90903300041886
737,40.66342600133558,-73.90263600043602
738,40.66336100065182,-73.90306299985717
739,40.66486900072033,-73.89377899962352
740,40.66457500096967,-73.89411700006633
741,40.66543100124898,-73.88838600051199
742,40.66574000121716,-73.88861299988648
743,40.66628500110047,-73.88327599956311
744,40.66641300046518,-73.88330700034126
745,40.66816600056173,-73.95086200038673
746,40.66814500106273,-73.95045799949932
747,40.66329000090533,-73.95104400008219
748,40.6632260008287,-73.9506699994792
749,40.657184000991876,-73.949976000245
750,40.65074800086499,-73.94938400016862
751,40.65064000087296,-73.94942900044408
752,40.650910000947576,-73.94941600043398
753,40.64504600132515,-73.9486840000062
754,40.639924000622166,-73.94816099956725
755,40.63246300128677,-73.94751799994098
756,40.632359000777875,-73.94738899948085
757,40.632324000480764,-73.94748199981197
758,40.63275000080316,-73.94737499984384
759,40.63286800061032,-73.94754700043327
760,40.85237700075771,-73.82598600003449
761,40.852803000717536,-73.82719500055056
762,40.853041000524186,-73.82699100035131
763,40.85301200129941,-73.82717200057495
764,40.852824000868324,-73.82703499976134
765,40.84689100083002,-73.8326389997653
766,40.84679500073495,-73.8324049995448
767,40.84718500046849,-73.83226400041839
768,40.84393500104816,-73.83638599950531
769,40.84360900131861,-73.83647800030957
770,40.84012800134937,-73.84287500052528
771,40.83695400071653,-73.84665299962514
772,40.8366130010131,-73.84672599988555
773,40.834093000684064,-73.8518569998498
774,40.834321001025685,-73.85144000020043
775,40.83322500105024,-73.86088800034581
776,40.83176500082172,-73.86707800017783
777,40.8314660006439,-73.86740999955235
778,40.82951700075485,-73.8748600000341
779,40.82937100110003,-73.8747309997518
780,40.82964100127183,-73.87444699958614
781,40.82868800100102,-73.87901800017238
782,40.82846000103376,-73.87936200055044
783,40.827298001103706,-73.88625599992815
784,40.82729500089228,-73.88608200010141
785,40.82059100116833,-73.89083600040297
786,40.8208190006932,-73.8904419995505
787,40.816263000623955,-73.89650600018608
788,40.81652000125646,-73.89622399949435
789,40.812331000879915,-73.90410200008623
790,40.812367000831365,-73.90379699945946
791,40.80817900089954,-73.9080649995903
792,40.80832200112936,-73.90800200015089
793,40.80523400105468,-73.91339100030605
794,40.80515500133569,-73.91320800010479
795,40.80774700113029,-73.9193469996151
796,40.80758000124235,-73.91895700038397
797,40.810282000823825,-73.92538599970219
798,40.810102001134744,-73.9256409998016
799,40.81024100061561,-73.9252670005584
800,40.81001900079343,-73.9254380000873
801,40.886819000753164,-73.87837600008224
802,40.88673700075253,-73.87811999952253
803,40.880077001216776,-73.88446999963614
804,40.879899000493786,-73.88424399944903
805,40.873528001271325,-73.88975400045447
806,40.867606001129616,-73.89741799964943
807,40.86762000108826,-73.89715199997106
808,40.86776600113226,-73.89703899950295
809,40.86256200047311,-73.90136699997309
810,40.86259200063595,-73.90096999993816
811,40.86289000068212,-73.90126200011231
812,40.86281400133189,-73.90081500005407
813,40.85826700046351,-73.90409899951389
814,40.85845300105405,-73.90368999942338
815,40.8584770011054,-73.90408799983564
816,40.8533130011792,-73.90797699974162
817,40.85318100088269,-73.90778199996889
818,40.85367000052777,-73.90765399945612
819,40.853596000527304,-73.90739299993152
820,40.84838500132584,-73.91200300045621
821,40.8485010008686,-73.91163300013874
822,40.84470200045958,-73.91465000014345
823,40.84438900064668,-73.91457800003883
824,40.83996000097312,-73.91801799962106
825,40.839877001193585,-73.91779100024927
826,40.840076001025714,-73.91764799975951
827,40.8356000006833,-73.92113100026826
828,40.8357460008823,-73.92156199984612
829,40.83572600081077,-73.92105900047197
830,40.83587300082349,-73.92148999952855
831,40.818281000975304,-73.92725099995654
832,40.81840500100198,-73.92710100053378
833,40.81332800130423,-73.93000399985371
834,40.8130910012951,-73.9296889998677
835,40.81336300097245,-73.92984700032206
836,40.804407001146856,-73.93723400047332
837,40.804251000987676,-73.93765799980339
838,40.80416400133444,-73.93744399981007
839,40.852759001197924,-73.93663600011946
840,40.85075200123336,-73.93813000033282
841,40.84794600067519,-73.93937500021471
842,40.847809000892845,-73.93980699960714
843,40.847944000660824,-73.93967900026934
844,40.84785900047842,-73.93930300016017
845,40.84799200063846,-73.93956400048992
846,40.84074100052238,-73.93925200013867
847,40.83519200045838,-73.94014599945572
848,40.8352780007455,-73.93962499969881
849,40.83593600113896,-73.94013699984784
850,40.83074400072892,-73.94159699994978
851,40.83085400072,-73.94163800027926
852,40.83110600104741,-73.94155000003605
853,40.8311390005594,-73.94144700017758
854,40.83103100111604,-73.94114900004651
855,40.830921000470845,-73.94110000035761
856,40.82379100110196,-73.9447260001357
857,40.82391500099031,-73.94502699983994
858,40.82424400086092,-73.94493100012984
859,40.8240280006025,-73.94440900031846
860,40.81712500091463,-73.94822500053797
861,40.810879000859785,-73.95231800005571
862,40.81052600067196,-73.95258300005997
863,40.81100700119017,-73.95261500003663
864,40.81063600092902,-73.95288600045224
865,40.80431200064201,-73.9556430000903
866,40.80463900057938,-73.95555899960267
867,40.800002000554,-73.9588819994903
868,40.80000200071377,-73.958448000016
869,40.79626300117578,-73.9616099996998
870,40.79164200073495,-73.9650089994215
871,40.785195000907564,-73.96959599988858
872,40.78528200132296,-73.96966199951395
873,40.7854800009903,-73.9694579996562
874,40.78197600129904,-73.97202699949132
875,40.78225400105085,-73.97174099963583
876,40.776217000902435,-73.97624699999885
877,40.77643100067877,-73.97597700050478
878,40.766944000939795,-73.98294099980184
879,40.766488000615425,-73.98270799982747
880,40.767667000953494,-73.98240800017022
881,40.767677000993274,-73.98252600002701
882,40.76765900054965,-73.98254200032648
883,40.76672500126771,-73.98256299943694
884,40.7676430008791,-73.9825629995242
885,40.76674500107452,-73.98340800031463
886,40.76641600095897,-73.98330099978276
887,40.76736700057975,-73.98213700028958
888,40.761968000973745,-73.98666200045496
889,40.76231200094273,-73.98637799941939
890,40.762452001091724,-73.98629899991198
891,40.761968000973745,-73.98666200045496
892,40.76231200094273,-73.98637799941939
893,40.76174100123601,-73.9869239995026
894,40.76169100066612,-73.98680500010208
895,40.757286000787154,-73.98958199998052
896,40.755989000537866,-73.99104900014957
897,40.755801001262,-73.99057599945067
898,40.75610100077567,-73.99088700011116
899,40.75199600047255,-73.99332699973941
900,40.7520200012958,-73.99335200046765
901,40.752161000804406,-73.99310900019489
902,40.74510200069327,-73.99836500050299
903,40.74529900118561,-73.99814499977234
904,40.74093800125008,-74.00191900010803
905,40.74123500071799,-74.00171500002665
906,40.74094400067859,-74.00140200038571
907,40.74104600069509,-74.0012839998449
908,40.739949001011254,-74.00265499962306
909,40.73108600048379,-74.00120899966048
910,40.731133001348276,-74.00153399972325
911,40.73109100093793,-74.00112700008235
912,40.72558300111975,-74.00374699943173
913,40.72070400117014,-74.00499899999654
914,40.72075800107851,-74.00539900025922
915,40.72165100085185,-74.00563399968306
916,40.72196700045499,-74.00513299972052
917,40.71375300084081,-74.00904600030091
918,40.71333300106254,-74.0090329998698
919,40.71268100051457,-74.00989100038811
920,40.71328600093953,-74.0095109994939
921,40.713036001258295,-74.00924500040365
922,40.71343500108639,-74.00929199986659
923,40.71179300109741,-74.0101649998177
924,40.71171000117648,-74.01020399993797
925,40.71225800057064,-74.01030600001616
926,40.71069200129965,-74.00842800049294
927,40.710555000473356,-74.0086319996818
928,40.69940500089777,-73.99141300025919
929,40.69233500054976,-73.98744599980998
930,40.69239300046189,-73.98744300042478
931,40.692336000842694,-73.9874939995761
932,40.69239400075601,-73.98749100023262
933,40.68908500061754,-73.98594099947078
934,40.688396001275585,-73.98421600016393
935,40.68578900079028,-73.97275999951495
936,40.68555900120916,-73.97289999985651
937,40.685969001131355,-73.97302099989815
938,40.68570000079172,-73.97352599975537
939,40.6860770009335,-73.97330800027531
940,40.68604100048046,-73.97427799971175
941,40.68640900089698,-73.97434700032048
942,40.68611900122114,-73.97451699946798
943,40.686553000949395,-73.97460599941192
944,40.68365300070044,-73.96679699983912
945,40.68369500049261,-73.96706900021974
946,40.68054700115432,-73.94951499982591
947,40.68057200095438,-73.94975299964452
948,40.68001000080545,-73.94024699963524
949,40.680057001206364,-73.94048300024578
950,40.679095001156526,-73.93004400011803
951,40.679487000732564,-73.92972500040634
952,40.67870200077484,-73.92155199962924
953,40.678984001189484,-73.92144200048577
954,40.67916400114647,-73.92187000056835
955,40.67859400130624,-73.91373199978516
956,40.67831700068249,-73.91365100050982
957,40.678334000847464,-73.90392200051937
958,40.67424200103689,-73.89664499975883
959,40.67426800096991,-73.89631200038666
960,40.67443000131494,-73.89677599994724
961,40.712940000938254,-73.78317899949278
962,40.712669001041526,-73.78327400043251
963,40.71289200058548,-73.7833629997439
964,40.71254800063715,-73.7834270000399
965,40.71056300080342,-73.79285300008401
966,40.71096800048277,-73.79276099959564
967,40.710495000849924,-73.79302199947567
968,40.7108300008175,-73.79324800046304
969,40.70747300091829,-73.80279699999659
970,40.707873000981024,-73.80299899948717
971,40.70756300092153,-73.80261100041199
972,40.705591001080236,-73.80948100057626
973,40.70594500079124,-73.80948899986537
974,40.705538000904426,-73.80971700032187
975,40.708068001230046,-73.82011099992044
976,40.70931600045191,-73.81977300037678
977,40.70968100067085,-73.81960100046479
978,40.7140010008164,-73.83116599992069
979,40.713663001265026,-73.8300109999448
980,40.71407300068592,-73.82991699992932
981,40.713967001105964,-73.83130300014818
982,40.71789500073465,-73.83674300025113
983,40.71906100051211,-73.83791599992833
984,40.7185740008389,-73.83825699999589
985,40.72110000058624,-73.84403899977785
986,40.72149000126793,-73.84338899958266
987,40.7265980010494,-73.85353400011596
988,40.72707300076862,-73.853226000456
989,40.72995300085667,-73.86269899961161
990,40.729265000582856,-73.86081399943335
991,40.73304100076268,-73.87033400014576
992,40.733354001050536,-73.87098299989292
993,40.7335550009951,-73.86958799977317
994,40.735888000642326,-73.87688600016183
995,40.73627700100364,-73.87642400016867
996,40.73607500046235,-73.8771669998173
997,40.737354001235445,-73.87719099990078
998,40.73747700047902,-73.87742399942309
999,40.74172900073593,-73.88113500019222
1000,40.74206600132073,-73.88103899979527
1001,40.741861001271054,-73.8814569998886
1002,40.7429370011896,-73.88270799950598
1003,40.74279100099566,-73.88302500019938
1004,40.746784000903986,-73.89095799941283
1005,40.74659700056247,-73.89095499963294
1006,40.749145000602375,-73.89749500005907
1007,40.749330000934705,-73.89738200032912
1008,40.753086001267654,-73.90711899983891
1009,40.75686800107912,-73.91430300011315
1010,40.75814300048504,-73.9198419996172
1011,40.758279001238044,-73.91943300000067
1012,40.752232000693546,-73.92877499947052
1013,40.752198001135355,-73.92926300038461
1014,40.74870500060306,-73.93847100050753
1015,40.74908600061102,-73.93789599960621
1016,40.74869700087383,-73.93736400015874
1017,40.74880700056586,-73.93705699993237
1018,40.748466000892236,-73.93824400025171
1019,40.74737100126378,-73.94428700011319
1020,40.74795400097661,-73.94724000030592
1021,40.7481950006204,-73.94716299981128
1022,40.758329001345594,-73.97056699994029
1023,40.75812000063167,-73.97095799995355
1024,40.76042200127613,-73.97614600044388
1025,40.76037300128099,-73.97556199992708
1026,40.76026700096498,-73.97563800019878
1027,40.67456700098386,-73.89636399950176
1028,40.672479000995224,-73.89016399958122
1029,40.672850000514806,-73.89025699979906
1030,40.6725450005473,-73.89038100002684
1031,40.672771000835766,-73.89058399980156
1032,40.673970000898905,-73.88066699978623
1033,40.674303001215215,-73.88074899977683
1034,40.67423400074515,-73.88092699972832
1035,40.673989001301535,-73.88086899951219
1036,40.67555400055863,-73.87187499969077
1037,40.675301001060554,-73.87180100017304
1038,40.675533000930514,-73.87174200049127
1039,40.67527400093951,-73.87211499957239
1040,40.675478000723395,-73.87210899963866
1041,40.676735000681276,-73.86549100024625
1042,40.67937100127377,-73.8580239994801
1043,40.67949800121473,-73.85804899960938
1044,40.679828000653636,-73.85040099973983
1045,40.67997300107831,-73.85041299989881
1046,40.68015800112226,-73.84513099950003
1047,40.680305001170716,-73.84515899966665
1048,40.68199400134972,-73.83674200023124
1049,40.68212000065667,-73.8368359997765
1050,40.68473200079636,-73.83089799968143
1051,40.684874000765454,-73.83094299982292
1052,40.68610300097643,-73.8243140005856
1053,40.68623400119888,-73.82437799981012
1054,40.66701800125196,-73.83348000025269
1055,40.66046500046574,-73.83051799941714
1056,40.660486001115515,-73.83045299980022
1057,40.66037200045106,-73.83036899980063
1058,40.60800700116313,-73.81596699977959
1059,40.58808000092577,-73.81390700051536
1060,40.5879290013033,-73.81375499961378
1061,40.58799900089258,-73.81411700057858
1062,40.5878140007953,-73.81403700040585
1063,40.58554000110732,-73.82034499948624
1064,40.58534200102381,-73.82024899955475
1065,40.585208000598406,-73.82059499989819
1066,40.58318700053487,-73.82738799973608
1067,40.58336900072752,-73.82747400035272
1068,40.58324800067608,-73.82716299942538
1069,40.583435001308175,-73.82723200039874
1070,40.580510000613366,-73.83741799970853
1071,40.59074400046429,-73.79778899996182
1072,40.590901001105046,-73.79660900016962
1073,40.59112300046975,-73.79645999994716
1074,40.590951000987864,-73.79617600041752
1075,40.592269000592346,-73.78957799995047
1076,40.592490000550505,-73.78916099979254
1077,40.59229200082906,-73.78915300020047
1078,40.5924780010799,-73.78940999981678
1079,40.59310600076609,-73.7757429997311
1080,40.59286000099739,-73.77610899975474
1081,40.5930790004491,-73.77598500000147
1082,40.59289700071262,-73.77571500021092
1083,40.59561700104222,-73.76803199960129
1084,40.59529700089243,-73.76820600058522
1085,40.595445001061876,-73.76831299959736
1086,40.59546900110088,-73.76791899958194
1087,40.59970800128436,-73.76195900042725
1088,40.599427000606575,-73.76180699999229
1089,40.59967000128366,-73.761596000433
1090,40.60465700132099,-73.75417800022007
1091,40.874902001215034,-73.87926700011755
1092,40.875087001117286,-73.87960999981343
1093,40.87213500086189,-73.88745900025157
1094,40.87219800067569,-73.8877880002506
1095,40.87246800091903,-73.88789399960402
1096,40.86811400063899,-73.89319500028131
1097,40.86768800092554,-73.89273900053317
1098,40.86140100117089,-73.89809800050038
1099,40.861147000498164,-73.89742399977906
1100,40.86159200104114,-73.89801899992483
1101,40.861322000794395,-73.89735499963535
1102,40.8560380008167,-73.90114000045055
1103,40.855864001298634,-73.90048399962741
1104,40.8562370005725,-73.90111500034087
1105,40.85603900050214,-73.90044900003538
1106,40.849864000781224,-73.90608399994655
1107,40.85012400081615,-73.90584100017635
1108,40.849968001108714,-73.90522600039543
1109,40.844933000451064,-73.91121200023201
1110,40.84493900131055,-73.91088499965068
1111,40.83975100125329,-73.9127429998338
1112,40.84009700063031,-73.91333299949422
1113,40.83446600126606,-73.91815500025773
1114,40.834286000509636,-73.91756200044014
1115,40.8347880007017,-73.91783800004612
1116,40.83460900057713,-73.91724500052634
1117,40.8278400009108,-73.92571500032871
1118,40.827488001147515,-73.92600399944224
1119,40.82747100069324,-73.92625000033516
1120,40.82754500061717,-73.92620199981654
1121,40.828011000549594,-73.92558799954656
1122,40.83031300104234,-73.93668700018227
1123,40.75432200099374,-73.94237399991762
1124,40.754131000989815,-73.94249099975755
1125,40.75419500048989,-73.9425210001696
1126,40.754069000589034,-73.94213200002308
1127,40.75425500084818,-73.94193500036222
1128,40.75901600103089,-73.95350499982585
1129,40.764884000528355,-73.9665139998297
1130,40.76487400059016,-73.96643099951287
1131,40.764881000682955,-73.9664110002741
1132,40.764721000515515,-73.9665520004654
1133,40.76486600059085,-73.96642199997
1134,40.76387400082074,-73.97735799964018
1135,40.76422700087064,-73.9774299999223
1136,40.763998000643525,-73.97726400033272
1137,40.76465200087484,-73.97711900025115
1138,40.76456400078794,-73.97682999951728
1139,40.76348200108458,-73.97797400037928
1140,40.76339200097555,-73.97767400053259
1141,40.76383100079483,-73.97771800005206
1142,40.75943400061983,-73.98100100035816
1143,40.75989600056634,-73.98070600041795
1144,40.76050200066163,-73.98021799977369
1145,40.75995300051702,-73.9801170002853
1146,40.76012500097347,-73.98049900043169
1147,40.7593010011649,-73.98059399987584
1148,40.759414000608245,-73.98103499941357
1149,40.75899600118979,-73.98078800025752
1150,40.75484900054064,-73.98462699975511
1151,40.754609001253726,-73.98389399968967
1152,40.749615000624125,-73.9881589996521
1153,40.74984500048655,-73.98825399954313
1154,40.75008800045507,-73.9881419994332
1155,40.742659000533585,-73.99248900025586
1156,40.74271500052851,-73.99261699944252
1157,40.74288000134227,-73.99250599976541
1158,40.74282500111869,-73.99238300017701
1159,40.73742300092926,-73.99722000037303
1160,40.737572000730154,-73.99711099987555
1161,40.73751900133649,-73.99697000051702
1162,40.73737000076742,-73.9970790000593
1163,40.72520200059756,-73.99658300044537
1164,40.72549900051557,-73.99638700031852
1165,40.71815500081104,-73.99345200013313
1166,40.71819100123501,-73.99357699969686
1167,40.7182650007759,-73.99387700010331
1168,40.7228070004941,-73.98894199993516
1169,40.72320000128046,-73.9888629997116
1170,40.7187810010929,-73.988233000539
1171,40.718778001288825,-73.98796099993454
1172,40.71272700095603,-73.99012600012675
1173,40.701380000856666,-73.98665500004444
1174,40.68658400046572,-73.99036200014791
1175,40.686727000503545,-73.99026899951592
1176,40.67929900047341,-73.99569800002327
1177,40.67934400112925,-73.99528799991103
1178,40.67472500124672,-73.99750499980237
1179,40.66995300117558,-73.98944199990419
1180,40.670010001144014,-73.98924799982667
1181,40.66583500062997,-73.9790069998167
1182,40.66549400097409,-73.97927800049247
1183,40.66559300094872,-73.97950900019343
1184,40.665993000748706,-73.9791810000615
1185,40.66664900056681,-73.98162399965729
1186,40.66700400065108,-73.98133099951096
1187,40.66675100110676,-73.98185100046487
1188,40.66711200100676,-73.98171600042714
1189,40.65943600070493,-73.97995100040573
1190,40.6601980007983,-73.97978699954726
1191,40.65183400074427,-73.97607599985253
1192,40.65160800061037,-73.9755959995519
1193,40.652665001219184,-73.97590099969372
1194,40.64257100053699,-73.97957899971581
1195,40.64269200102136,-73.97926000023165
1196,40.64314700083059,-73.97934199984553
1197,40.6430060012385,-73.97966000021263
1198,40.63543400082804,-73.97828900049883
1199,40.63538900071615,-73.97791399949352
1200,40.688805000579165,-73.90474100026483
1201,40.68230000100851,-73.90514899960154
1202,40.675380001059246,-73.90261199981974
1203,40.675609000843224,-73.90276700054804
1204,40.67560700061995,-73.90267199982675
1205,40.668527000649846,-73.90176500018366
1206,40.66374200117914,-73.90052199966858
1207,40.65904100128506,-73.89940900047984
1208,40.65146200047333,-73.89919099955934
1209,40.651278000563096,-73.89886200040942
1210,40.64556000083436,-73.90252399950258
1211,40.64556000083436,-73.90252399950258
1212,40.6458060011384,-73.90141400018447
1213,40.68105100075215,-73.95583999980393
1214,40.67451600119416,-73.95793200020938
1215,40.67520800103493,-73.9575909996094
1216,40.670588001304374,-73.95909299976775
1217,40.86789200080849,-73.92123400046815
1218,40.86779900111643,-73.92143100014393
1219,40.86751200131279,-73.92132999998837
1220,40.8676530006765,-73.92094900001032
1221,40.865758000861874,-73.927265999702
1222,40.86574400109299,-73.92717199948154
1223,40.86536200076428,-73.92805899960615
1224,40.858899001042595,-73.9327019997458
1225,40.858886000662295,-73.9342259997364
1226,40.75497493443128,-74.00092352989824
1227,40.75489825502214,-74.00098158502907
1228,40.75662400088123,-73.91440699987369
1229,40.755813000720174,-73.91264199945515
1230,40.756583000562095,-73.92110799993777
1231,40.756673000906524,-73.92062200032666
1232,40.7518680009112,-73.93058499969706
1233,40.75223800057053,-73.92766199973421
1234,40.75193000082027,-73.92714100016573
1235,40.74957700112801,-73.93609400005106
1236,40.749857000958755,-73.93619799997354
1237,40.74770600096008,-73.94462600056677
1238,40.75778400070105,-73.97109799966415
1239,40.75780400089147,-73.97114100034727
1240,40.75972100129874,-73.97385799954058
1241,40.75955600064906,-73.97406799950883
1242,40.76314100088567,-73.9826660004725
1243,40.76338800045484,-73.98249499997797
1244,40.70223400083632,-73.80185899981666
1245,40.70187400124633,-73.8017470004936
1246,40.70164000049842,-73.80247799997424
1247,40.732258000899066,-73.95437899991082
1248,40.732216000638765,-73.95478400051634
1249,40.72544600056046,-73.95197400005141
1250,40.72557300071668,-73.9516030004786
1251,40.71374700126756,-73.95176800058799
1252,40.713744000678275,-73.95145499982186
1253,40.69998500074923,-73.9498950000837
1254,40.6955000007568,-73.94895999970872
1255,40.68954300121877,-73.95499799970058
1256,40.68936700054468,-73.95495699997176
1257,40.689500001301035,-73.955352999428
1258,40.68933000050203,-73.9553179998157
1259,40.88486800117124,-73.90059799968728
1260,40.87869400054637,-73.90482099987517
1261,40.879091000692206,-73.90453799962896
1262,40.874308000722706,-73.90979499943771
1263,40.86931500046094,-73.9152159995194
1264,40.86423000111228,-73.91895099988385
1265,40.84085900054708,-73.94020900036014
1266,40.84102400098721,-73.94008300036529
1267,40.83386000111714,-73.94461999985606
1268,40.83383200099822,-73.94475299973129
1269,40.82619900071818,-73.95039199974158
1270,40.82651300066238,-73.95016199968677
1271,40.821454001095525,-73.95385599951909
1272,40.82139100076987,-73.95390599966395
1273,40.807535000563774,-73.96401299964685
1274,40.80392600075142,-73.96664699989607
1275,40.80425700105886,-73.96642200016069
1276,40.79432900130719,-73.97204199949016
1277,40.78807300127442,-73.97628800043398
1278,40.788272001124426,-73.97608299956835
1279,40.783620000711345,-73.97991000008534
1280,40.78398500069542,-73.9796620001995
1281,40.77858500064,-73.98192299949491
1282,40.77353600132632,-73.98200600030572
1283,40.773457000797144,-73.98200399967317
1284,40.773682001260006,-73.98201499997326
1285,40.76877700071414,-73.98210599962013
1286,40.769227000573665,-73.9824000005264
1287,40.76936500060315,-73.98239199982025
1288,40.76143200091684,-73.98437000022788
1289,40.761561001093966,-73.98415400029317
1290,40.75469100126269,-73.98806700011104
1291,40.7545680013356,-73.9878269994692
1292,40.75555400110353,-73.98767899988253
1293,40.755575001330804,-73.98631100000631
1294,40.749656001218646,-73.99113000035294
1295,40.75007700130053,-73.99081999975235
1296,40.75028300087492,-73.9906499994932
1297,40.75031300049931,-73.990853999749
1298,40.75047600062494,-73.99125400045692
1299,40.75098200069435,-73.99089900046182
1300,40.751187001268214,-73.99079100029651
1301,40.74726400063449,-73.99361099953936
1302,40.747392001059836,-73.99351000009723
1303,40.74678700117635,-73.99395500050252
1304,40.746594000967676,-73.99355500047805
1305,40.74401700082124,-73.99590099950177
1306,40.744313001345226,-73.99581100055414
1307,40.741081001277344,-73.99810500037108
1308,40.74120600129599,-73.99803499940815
1309,40.741783001050194,-73.99755700045185
1310,40.74161700058918,-73.99719699989045
1311,40.738358001202634,-73.99965599954568
1312,40.73801300062376,-74.00032900003296
1313,40.73738800095459,-74.0008150001139
1314,40.737197000982015,-74.00040000023115
1315,40.73351500098239,-74.003146999488
1316,40.73346700131849,-74.00307600051975
1317,40.73363400107352,-74.00312299972714
1318,40.733652000840344,-74.00300599946266
1319,40.727739001345725,-74.00530500049017
1320,40.72798900094308,-74.00525799973039
1321,40.72784000068171,-74.00568100016042
1322,40.7279830011965,-74.0056500002372
1323,40.72856100075978,-74.00553999961413
1324,40.72868600057189,-74.00551699955352
1325,40.722932000510355,-74.00662000043373
1326,40.72287800098192,-74.00651799991041
1327,40.71991800134944,-74.00662000050136
1328,40.71896500066248,-74.00712099990209
1329,40.71925100106121,-74.00705800004816
1330,40.71988800093658,-74.00692499992861
1331,40.70649300060878,-74.01431899947436
1332,40.706527001239266,-74.01414400015977
1333,40.70659700064449,-74.01411499966467
1334,40.707564000576994,-74.01385299985863
1335,40.70743100046886,-74.00877800023208
1336,40.706385000547535,-74.00965799978296
1337,40.70627200118132,-74.00944699955568
1338,40.70675500088659,-74.00880400023979
1339,40.69093100048398,-73.9852500001838
1340,40.69097200083988,-73.98544800048133
1341,40.690025000956666,-73.98424800026095
1342,40.68824300060318,-73.98035600012008
1343,40.688085000580394,-73.98024299985435
1344,40.68083200082099,-73.97553400018866
1345,40.68070900083669,-73.97524099996902
1346,40.68095100077339,-73.97544800027202
1347,40.66883800128309,-73.93423899960264
1348,40.669102000538764,-73.93421299970717
1349,40.65617100046502,-73.95034600026702
1350,40.65064000068938,-73.9496770001429
1351,40.65071700131702,-73.94974100022326
1352,40.65089400058906,-73.9498189998649
1353,40.65096900116134,-73.94971399947765
1354,40.64501600126061,-73.94921299950666
1355,40.639883000832654,-73.94870100017269
1356,40.63184500126443,-73.94766499945733
1357,40.63327000128969,-73.94792900031949
1358,40.633297000831114,-73.9478360004305
1359,40.82061400058818,-73.89151900041573
1360,40.81613700079582,-73.89613300047316
1361,40.816367001088565,-73.89592400025599
1362,40.811887001097396,-73.904145000311
1363,40.81202700134684,-73.90386900051296
1364,40.808030000732025,-73.90771999961844
1365,40.8083400011929,-73.90761799947106
1366,40.80517100105216,-73.9139330000075
1367,40.805047000647775,-73.91352400037191
1368,40.80746700051823,-73.91944800009813
1369,40.807355001073596,-73.91921899988068
1370,40.81083100045451,-73.92665499978928
1371,40.81071200082855,-73.92705000033529
1372,40.81063800107811,-73.92688300011714
1373,40.87950300105122,-73.88513800040542
1374,40.87934300106913,-73.88488000023561
1375,40.82768500112994,-73.92584200040825
1376,40.82775900107174,-73.92610000008818
1377,40.827942000456794,-73.92599999972832
1378,40.82785400132319,-73.92574500013875
1379,40.8182590009951,-73.92765900041687
1380,40.81837300132654,-73.92760900052086
1381,40.79840400125912,-73.94164699997212
1382,40.798742001285206,-73.9414060002924
1383,40.79468200104674,-73.94431900056149
1384,40.79481100120037,-73.94423500040841
1385,40.77966100064676,-73.9553019999494
1386,40.779577000782254,-73.95530400031528
1387,40.779284000590486,-73.95544299958826
1388,40.77933000071533,-73.95554499951028
1389,40.7735260006353,-73.95973399983355
1390,40.77363100096022,-73.95965899972842
1391,40.773493000685555,-73.95965900040957
1392,40.77360300115123,-73.95957799994027
1393,40.76266000061229,-73.96762499981706
1394,40.76241400093202,-73.968371000575
1395,40.7622660011145,-73.9684790005808
1396,40.762835000864754,-73.96755400043817
1397,40.76206900072239,-73.96801600001412
1398,40.75668600117071,-73.97250999977481
1399,40.75699900075318,-73.97180300055182
1400,40.757126000498246,-73.97172100033247
1401,40.75696400102354,-73.97171200028484
1402,40.75705900087207,-73.97157000031955
1403,40.75174100120391,-73.97769099950989
1404,40.751653000461964,-73.97775299946429
1405,40.75135200106425,-73.97639599941296
1406,40.7516470010816,-73.97738200038786
1407,40.74558500100978,-73.98219799966871
1408,40.74564100049616,-73.98210299965778
1409,40.74644700116069,-73.98214699998886
1410,40.746632001244755,-73.98188200020866
1411,40.74572300059532,-73.98253100051477
1412,40.745821000532125,-73.98257599995004
1413,40.74348400046042,-73.98427999965186
1414,40.74339400063181,-73.98440899974717
1415,40.74335100130441,-73.98430199990662
1416,40.74041900100624,-73.98645199968254
1417,40.739501001257324,-73.98713400015563
1418,40.740097000656675,-73.9866009998598
1419,40.740180000468335,-73.986617000562
1420,40.73967400068404,-73.9870400000941
1421,40.73947700045013,-73.98656199960939
1422,40.73518400101395,-73.98979299965407
1423,40.73449500052942,-73.99031099975376
1424,40.73444400121308,-73.99018400013593
1425,40.72996800057844,-73.99141000058913
1426,40.72595800077617,-73.99482899993009
1427,40.72604700121833,-73.99475899970194
1428,40.72246800103744,-73.99739699950852
1429,40.722390000708856,-73.99743700043341
1430,40.71830400070744,-74.0001379998269
1431,40.71835800056549,-74.00021600013719
1432,40.71383900108805,-74.00386400025366
1433,40.71389900123257,-74.00364200017525
1434,40.710166000507584,-74.00942399945866
1435,40.710165000686324,-74.0091820004986
1436,40.70843600062149,-74.01129800040033
1437,40.70731500049802,-74.01216100025319
1438,40.70742800113711,-74.0120670002674
1439,40.70757700080692,-74.01192700009697
1440,40.70767100100558,-74.01185400048746
1441,40.70482500104643,-74.01457200044764
1442,40.70479500097432,-74.01445399975543
1443,40.704157000512254,-74.01450900039929
1444,40.6924890010196,-73.99119299980289
1445,40.85804100123782,-73.86771799992901
1446,40.858029001261166,-73.86748100053643
1447,40.837241001230645,-73.8875599996495
1448,40.83730600079729,-73.88728699953579
1449,40.8300740012204,-73.89148600013908
1450,40.83017700062631,-73.89148200051581
1451,40.823884001338456,-73.89319699979643
1452,40.82411800130335,-73.89273100008232
1453,40.81936800111269,-73.9019659997349
1454,40.81956200063568,-73.90149799997626
1455,40.81968400048655,-73.90134800001505
1456,40.81597100062911,-73.91798299963307
1457,40.81588100116514,-73.9175219996443
1458,40.81603300072261,-73.91806399995069
1459,40.81585300110098,-73.91775899967917
1460,40.81389600073001,-73.94083099959454
1461,40.81418800085377,-73.94061799997505
1462,40.807548000480146,-73.94546299966714
1463,40.80787500093137,-73.945228999462
1464,40.80182200123424,-73.94965099957926
1465,40.80211100107465,-73.94943700001487
1466,40.79903300072079,-73.95205800023811
1467,40.74702500122365,-73.89141299998515
1468,40.74298700125322,-73.91793600043529
1469,40.743134000552736,-73.91789500035947
1470,40.74449400126545,-73.93089399960141
1471,40.74465800129618,-73.93086500002174
1472,40.74258800113779,-73.95425199947056
1473,40.74265400125796,-73.9542319994457
1474,40.742496000964564,-73.95248200013708
1475,40.74259300084098,-73.9528499998683
1476,40.750851000758196,-73.9750780002956
1477,40.756476000902964,-73.98631099958254
1478,40.7528300011463,-73.97891700040977
1479,40.75221800110309,-73.97839600008128
1480,40.75227900115704,-73.97828000036
1481,40.752717000936094,-73.97848700028274
1482,40.75218400065143,-73.9780479995566
1483,40.735311000881744,-73.99026500004705
1484,40.729778001280046,-73.99326199971199
1485,40.62036000068281,-73.99854999970876
1486,40.61401800111833,-74.00037799992451
1487,40.703454000791794,-73.9465360001842
1488,40.70332100121268,-73.9466129996701
1489,40.706073001088164,-73.93363299968442
1490,40.70722900118076,-73.92372499972215
1491,40.707071000780594,-73.92387699983635
1492,40.70324800061511,-73.91771999944864
1493,40.70335300110286,-73.91795699971256
1494,40.69518600072664,-73.90306500051776
1495,40.695201000959074,-73.90376400051396
1496,40.76290000114962,-73.98541200012495
1497,40.7579290004981,-73.98954699968785
1498,40.757463000984714,-73.98998399962618
1499,40.7404100005735,-74.00174999957133
1500,40.74059800103158,-74.00218499982167
1501,40.73977600046091,-74.00225599996726
1502,40.691559000473795,-73.98720800044205
1503,40.69170000093467,-73.9874610000183
1504,40.70863000079609,-74.00699900039699
1505,40.70920000094568,-74.00666400036947
1506,40.709046001177306,-74.00681400053982
1507,40.75417500097467,-73.9828709999326
1508,40.75421300104183,-73.98298399998997
1509,40.75284600072061,-73.97979799992392
1510,40.75308700109098,-73.97953699959879
1511,40.70131300066155,-74.01347900040479
1512,40.62988400115366,-73.96188199965685
1513,40.62037900056161,-73.99876399943231
1514,40.61405400128003,-74.0005849997251
1515,40.70059600065851,-73.82723900051478
1516,40.71420000056852,-74.00835700041317
1517,40.68331700094566,-73.9667409996886
1518,40.67801700045316,-73.91066100027744
1519,40.67814200121149,-73.9108749995004
1520,40.83291200110254,-73.9188220002794
1521,40.62426300097217,-73.97604899977784
1522,40.59505300079702,-73.97362300000135
1523,40.73041700087341,-73.86237300010245
1524,40.885226001157726,-73.90043899950633
1525,40.869729001081936,-73.91495400002059
1526,40.84071700117251,-73.93971999958484
1527,40.79958400083151,-73.96809100000151
1528,40.73784600105475,-73.99993000024548
1529,40.70819100117198,-74.0135820005788
1530,40.640743001030124,-73.94859699995564
1531,40.751721000589924,-73.97719700027268
1532,40.820161001075775,-73.93625300003816
1533,40.82060200123922,-73.93593300058303
1534,40.87933000123471,-73.8378579995729
1535,40.870039000806415,-73.84572400008211
1536,40.74235100054067,-73.95272299982574
1537,40.742432000681546,-73.95315599969791
1538,40.67220800055097,-73.83458899973229
1539,40.71949800081754,-74.00160600028069
1540,40.71921800074324,-74.00185000058052
1541,40.7191660010994,-74.00177400057154
1542,40.60831900122436,-73.95735199997993
1543,40.70802700118156,-74.00981399971742
1544,40.70691100067734,-74.01049400001321
1545,40.70711700107803,-74.01082099961708
1546,40.706887000503954,-74.01068700001736
1547,40.76871900078499,-73.98178799960083
1548,40.75129100128222,-73.99388700059174
1549,40.751432000538685,-73.99353799958011
1550,40.751677001041465,-73.99410699989198
1551,40.75156100116494,-73.99424299949561
1552,40.75153900049462,-73.99418100023364
1553,40.748950001145644,-73.98862300020284
1554,40.74874600089612,-73.98877399965104
1555,40.757475000640405,-73.96925500021416
1556,40.757718001111435,-73.96916100015109
1557,40.75768500056655,-73.96912500027557
1558,40.79307000107887,-73.97317399942827
1559,40.79292300067821,-73.9728239999685
1560,40.79320900058135,-73.97307400052732
1561,40.79306500077402,-73.97272200045094
1562,40.78902000087987,-73.97632999957456
1563,40.755747001338875,-73.98687500010413
1564,40.75524800118381,-73.98736200044934
1565,40.75533400046241,-73.98719999982498
1566,40.7497900008854,-73.99172100054427
1567,40.75081000090775,-73.99048100025472
1568,40.75102000101607,-73.99032299994965
1569,40.747036001241725,-73.99313799966046
1570,40.74721600063904,-73.9931210005819
1571,40.75180100079736,-73.97529399972599
1572,40.75134500116441,-73.97540899973602
1573,40.75170100129494,-73.97608700001928
1574,40.88798000090471,-73.83119500057741
1575,40.87951900113377,-73.83795799940899
1576,40.87011700049922,-73.84586900015995
1577,40.85880400108614,-73.8555149994399
1578,40.85454400085474,-73.86024800048996
1579,40.759908000810555,-73.8290190005471
1580,40.760004001212614,-73.82862999954394
1581,40.760048000473724,-73.82844399966284
1582,40.759895001060045,-73.82857299976665
1583,40.75994600046212,-73.8284140003703
1584,40.827605000467564,-73.92628199983095
1585,40.827529000802855,-73.92632200049441
1586,40.82746100112461,-73.9263620005114
1587,40.8273990008293,-73.92639400010133
1588,40.72498700056423,-73.99562799990419
1589,40.72501100081368,-73.99574499965485
1590,40.62430100117964,-73.97581699946915
1591,40.59502700116616,-73.97338200050298
1592,40.73003700097348,-73.86134300006405
1593,40.72957400103021,-73.8617509995367
1594,40.72884700050895,-73.85966799981139
1595,40.72977400130242,-73.86048900037642
1596,40.74598800104045,-73.89020800041368
1597,40.7463910009414,-73.89028499992489
1598,40.74652700121865,-73.89146100058072
1599,40.74686900062859,-73.94352199943981
1600,40.74624300097152,-73.94401100040953
1601,40.86459900114527,-73.91868099969975
1602,40.79461100095195,-73.97205300014681
1603,40.77843700056375,-73.98194699960632
1604,40.76765400066043,-73.9814229995005
1605,40.76764200069982,-73.98123500008997
1606,40.690433001317736,-73.98432300015153
1607,40.76298600117048,-73.96785000017343
1608,40.718589000947105,-74.00055200035612
1609,40.71850600111129,-74.00082599988181
1610,40.71863800092989,-74.00062299942005
1611,40.71094400128057,-74.00940299976662
1612,40.71102600098565,-74.00918999944606
1613,40.711112000487844,-74.00938200011501
1614,40.515531999384606,-74.24548477329256
1615,40.51967094525495,-74.22867964344078
1616,40.564656715424675,-74.12687588361699
1617,40.58406212025946,-74.10279235840939
1618,40.58865567185217,-74.09610963623241
1619,40.513215294424754,-74.25096683602015
1620,40.51951036179413,-74.22952189241796
1621,40.578924441807814,-74.10957556515682
1622,40.621833050481285,-74.07188129585448
1623,40.51960111111305,-74.22954798642681
1624,40.519765824109726,-74.2289119868199
1625,40.525104840989535,-74.20066738252672
1626,40.5443877860017,-74.16521432278012
1627,40.58852041744655,-74.09636903019901
1628,40.63763225681888,-74.07501783783364
1629,40.55159994386354,-74.1506400170505
1630,40.56533719814206,-74.12629558867036
1631,40.51211370971486,-74.25283251705811
1632,40.53320328444315,-74.19231297330337
1633,40.57395604592355,-74.1166282451574
1634,40.544208047400765,-74.16504799302683
1635,40.583997025606706,-74.10268690207698
1636,40.54055357419479,-74.17843705689545
1637,40.56516866018301,-74.12605866833626
1638,40.59610911554037,-74.08783392873926
1639,40.62159336210303,-74.07169159790614
1640,40.522489150368514,-74.21681223044313
1641,40.55599863939071,-74.13746844604631
1642,40.57905815038962,-74.10974678412433
1643,40.62776314225066,-74.0751405765791
1644,40.644263196449415,-74.0732699669269
1645,40.63053100057121,-73.97725100055358
1646,40.63056200134734,-73.97699500024218
1647,40.6261330011656,-73.97640699975946
1648,40.626163000484105,-73.97617700052636
1649,40.62079700079445,-73.97547900007112
1650,40.62082500127697,-73.9751380000047
1651,40.62116200076355,-73.9754670005149
1652,40.61427900134139,-73.97418000041884
1653,40.61430400097564,-73.97390999996266
1654,40.60861500088673,-73.97309700035845
1655,40.60904100128928,-73.97290400024863
1656,40.60400700101217,-73.97239299964582
1657,40.60399900068258,-73.97212400023237
1658,40.596701000906855,-73.97340200035026
1659,40.5968970010459,-73.97313700033328
1660,40.590521001068275,-73.97424200027461
1661,40.590266001080494,-73.97405099945587
1662,40.580576000602065,-73.97444300049777
1663,40.58054700121709,-73.97477800007285
1664,40.71258100132801,-73.78337700001022
1665,40.7128650012881,-73.78241799948115
1666,40.71320700095642,-73.7821190003803
1667,40.712723000617174,-73.78263700057583
1668,40.713113001004615,-73.78262399956131
1669,40.71272300128534,-73.78303499947673
1670,40.7751490010533,-73.91207399961878
1671,40.774810000552186,-73.91215099973299
1672,40.77502500066968,-73.91189099986349
1673,40.77493800104396,-73.91233700050012
1674,40.77031300078871,-73.9179779999838
1675,40.7701700012283,-73.91775500058009
1676,40.771009000694576,-73.91716699944462
1677,40.770870001233156,-73.91693499954675
1678,40.76678700127245,-73.9216289998266
1679,40.76670000114694,-73.92140599990329
1680,40.76705200124538,-73.92140900034578
1681,40.7669630011802,-73.92119200002551
1682,40.761880001325615,-73.925638000338
1683,40.761773001020096,-73.92539899957697
1684,40.76221700120829,-73.92534899996205
1685,40.756478000457506,-73.92999299993595
1686,40.75637900119417,-73.92976600045282
1687,40.756796001285345,-73.9297400004327
1688,40.7529010012616,-73.93290299961095
1689,40.75249100124089,-73.93293600037318
1690,40.765156001054784,-73.97250099999154
1691,40.764728000588875,-73.97239600019914
1692,40.764849001334085,-73.97230599959832
1693,40.76465700073319,-73.97222899974261
1694,40.76536500065751,-73.98034100034205
1695,40.76529800062274,-73.98003300040862
1696,40.765796000879185,-73.98001199999787
1697,40.765639000653024,-73.9797639994275
1698,40.76048600069948,-73.98397399979844
1699,40.760621000894254,-73.98390400042884
1700,40.74508900118218,-73.98847199991233
1701,40.74529900097453,-73.98857900028644
1702,40.74108000056887,-73.98908300015145
1703,40.741111001169074,-73.98891999991869
1704,40.741378000915994,-73.98889500018353
1705,40.74153900079397,-73.98898899946323
1706,40.73527800124147,-73.99105799990218
1707,40.73047700116726,-73.99228599990997
1708,40.73057800108469,-73.99221599960657
1709,40.72412400062425,-73.99768599990071
1710,40.72422000103313,-73.99763299996503
1711,40.713110000579775,-74.00704500048563
1712,40.71343700114648,-74.00675999983177
1713,40.71352100084663,-74.00669699992639
1714,40.7108710007428,-74.01076699941038
1715,40.71106500112042,-74.01064399955845
1716,40.70764700068577,-74.01292400015708
1717,40.707902000774375,-74.0127739999198
1718,40.70802800082143,-74.01269600045256
1719,40.7019380009871,-74.01258800017229
1720,40.70210800090186,-74.01264200049738
1721,40.70210800090186,-74.01264200049738
1722,40.69211400128754,-73.98610699952953
1723,40.69225800046344,-73.98611400056583
1724,40.69205200117165,-73.9861910001802
1725,40.692359001058456,-73.98618099989899
1726,40.689804000901425,-73.9811639997556
1727,40.68981000045694,-73.98165099956255
1728,40.68981700076792,-73.98108199984935
1729,40.68974000101399,-73.98115600040846
1730,40.68380500060232,-73.97848700016736
1731,40.683905000552265,-73.97887899960261
1732,40.68392800126307,-73.97841200047269
1733,40.67700100118253,-73.98313300043965
1734,40.677279001228015,-73.9833270002884
1735,40.677171000832296,-73.9830200001012
1736,40.67038700052428,-73.9884799997397
1737,40.665299000890286,-73.99272899977578
1738,40.66505800103236,-73.99300200017632
1739,40.66032300048571,-73.99795199980912
1740,40.654490000922785,-74.00449900014974
1741,40.6543650010918,-74.00411299954507
1742,40.65467600110202,-74.0043060003346
1743,40.64938900091242,-74.00933299995107
1744,40.64942400101552,-74.00972800017985
1745,40.649265001216975,-74.00945700056987
1746,40.64954600111841,-74.00960200017478
1747,40.644653000856444,-74.01468999984618
1748,40.6444930004837,-74.01441900047776
1749,40.64475600094253,-74.01458599983962
1750,40.644601000749645,-74.01430900035321
1751,40.64160600055081,-74.01789699963767
1752,40.64143500068463,-74.01756099997152
1753,40.641778000547916,-74.01772199972568
1754,40.64163300086479,-74.01736199985001
1755,40.63482700079345,-74.02358000034117
1756,40.63476800112693,-74.02333899996488
1757,40.629550000582256,-74.02573100044545
1758,40.62950300062895,-74.02545200029057
1759,40.62265600085265,-74.02854699996139
1760,40.62258300082048,-74.02831499985322
1761,40.61602100052129,-74.03138299998342
1762,40.61589300069585,-74.03086000003829
1763,40.616189000853495,-74.03123400002205
1764,40.67736500045114,-73.97278800030738
1765,40.67732400102734,-73.97221200054895
1766,40.660792001233155,-73.96210899949436
1767,40.655221001333004,-73.9615160003233
1768,40.649427000866446,-73.96335599966405
1769,40.64427200051649,-73.96452800050331
1770,40.64131400080974,-73.963996000086
1771,40.63503400094897,-73.96273599956011
1772,40.62993000068988,-73.9614770005111
1773,40.71534900102676,-74.00921100003916
1774,40.7157360012001,-74.00932799950978
1775,40.71557600060829,-74.00903099959034
1776,40.715539001115594,-74.00942699950392
1777,40.70810700046574,-74.01344499999414
1778,40.71271200056576,-74.00776600032303
1779,40.709475000866654,-74.00640900011349
1780,40.70650600095881,-74.00954399969812
1781,40.706392000998285,-74.00933200041027
1782,40.69759000091109,-73.99327499977788
1783,40.69764900052379,-73.9930600002664
1784,40.80459700119179,-73.9373999998348
1785,40.80451700064144,-73.93718599957134
1786,40.79846600051515,-73.94188200046364
1787,40.79885200120201,-73.94159999985692
1788,40.79480400107072,-73.94461299949657
1789,40.794927001014045,-73.94450199960725
1790,40.79027900094788,-73.94785599953543
1791,40.79019300114377,-73.94764899946726
1792,40.78584300090977,-73.95123199959222
1793,40.78564000057922,-73.95092999958521
1794,40.786055001080214,-73.95105699945586
1795,40.78590300065025,-73.95069500024302
1796,40.77946800051051,-73.95590500025193
1797,40.779718001333,-73.95571900005875
1798,40.7794270011769,-73.95581000007331
1799,40.779720000844165,-73.95559599941531
1800,40.773669001257126,-73.96013499974308
1801,40.77377900066213,-73.95995399964029
1802,40.773779001148974,-73.9600409996538
1803,40.77363600066859,-73.96005999995988
1804,40.76787000072842,-73.96424399977403
1805,40.7678170008583,-73.964355000255
1806,40.767703000817384,-73.96397899971903
1807,40.76798100062459,-73.96417799970594
1808,40.767863001276815,-73.96389800053795
1809,40.762836001197265,-73.96804000053221
1810,40.7571230010928,-73.97211700034643
1811,40.75729300076445,-73.97210800005568
1812,40.75715700074672,-73.97219600045186
1813,40.757298000749,-73.97193900057054
1814,40.746263001181106,-73.98166300016163
1815,40.746242001228545,-73.98159999972243
1816,40.746550000632695,-73.98153299961754
1817,40.74312800045459,-73.98380600038132
1818,40.74316700051851,-73.98389599969117
1819,40.74330400087257,-73.98385700041692
1820,40.74325700108745,-73.9837379999964
1821,40.74000800064548,-73.98623299987601
1822,40.739984000815724,-73.9863429999292
1823,40.74018000078745,-73.98600600015065
1824,40.734406001218495,-73.98943699976319
1825,40.73418000104682,-73.98954900045568
1826,40.73422200120936,-73.98967399981534
1827,40.73008400051487,-73.99083799953175
1828,40.72572600104653,-73.99457900003483
1829,40.72575500076843,-73.99436700046498
1830,40.72584500073358,-73.99431999974959
1831,40.725137000715904,-73.99493799970026
1832,40.72488800061074,-73.99529099983509
1833,40.722116000621554,-73.99691199969699
1834,40.722235001287345,-73.9968180000385
1835,40.7181550010795,-74.00031700033907
1836,40.718197000645766,-74.00038799991064
1837,40.71286800095421,-74.0048059994998
1838,40.712723000937,-74.00497100000399
1839,40.57328914366421,-74.11763619639254
1840,40.5176146540206,-74.23890290828915
1841,40.58861564547134,-74.09664097422308
1842,40.712333000917724,-74.00438699982581
1843,40.71185700059964,-74.00511399994345
1844,40.711824001201556,-74.00505700003201
1845,40.71372100068524,-74.00373399975909
1846,40.71372100068524,-74.00373399975909
1847,40.707190000631044,-74.01199700022799
1848,40.707446000792224,-74.0118479999475
1849,40.707577001137054,-74.01173100043773
1850,40.70465900129692,-74.01392000044858
1851,40.70462900101722,-74.0135019997382
1852,40.69234000059092,-73.99056000023332
1853,40.69229900121176,-73.99030100021751
1854,40.69254800105783,-73.99009899963077
1855,40.69258800104102,-73.99057199946431
1856,40.90359700114984,-73.85035999962203
1857,40.90328300126994,-73.85032099975952
1858,40.903509000471736,-73.85012399967859
1859,40.89862000116513,-73.85431600036094
1860,40.89832300117808,-73.85428799965355
1861,40.89321500088207,-73.85734399993271
1862,40.89359700110116,-73.8574050005875
1863,40.887709001050325,-73.86066599999701
1864,40.88766000121372,-73.86044400033566
1865,40.88797200093579,-73.86051700012574
1866,40.88372300083969,-73.86286999986942
1867,40.8834390009521,-73.86274299959175
1868,40.877779000721816,-73.86618500054922
1869,40.877839000805025,-73.86642099965749
1870,40.87163100108089,-73.86728299943849
1871,40.871215001320245,-73.8670430001971
1872,40.86560500053447,-73.86747600006369
1873,40.865257001024645,-73.86724599997801
1874,40.85633800085418,-73.86754399949008
1875,40.85640300119854,-73.86777099981867
1876,40.85633700101504,-73.86752100020942
1877,40.848762000736905,-73.8683819995055
1878,40.710201001155795,-74.01119799948543
1879,40.710435000868294,-74.01106599953029
1880,40.706345001186,-74.01400000005114
1881,40.70749500060612,-74.01327299972495
1882,40.707659000488526,-74.01316600048943
1883,40.70795000120497,-74.01296299966214
1884,40.7080830008115,-74.01286299963117
1885,40.70722500092085,-74.01345400012445
1886,40.70401500084531,-74.01328400009587
1887,40.70411400129945,-74.01299999949862
1888,40.70409600082697,-74.01329299977064
1889,40.69441600067524,-73.99261899957334
1890,40.6942320008326,-73.99263500026957
1891,40.69447500119965,-73.99282999990511
1892,40.69198000046005,-73.98519000038401
1893,40.69231500068384,-73.98517199993877
1894,40.692031001098265,-73.98539499945925
1895,40.691540001343185,-73.98256499971987
1896,40.6915620006359,-73.982047999567
1897,40.677135001083954,-73.98341600024706
1898,40.67053800048226,-73.98877799957494
1899,40.665269001041345,-73.99324500012224
1900,40.66048900074354,-73.99822000013337
1901,40.645619001205716,-74.0136880005718
1902,40.64068200077466,-74.0188569996071
1903,40.640501000926776,-74.01853100044588
1904,40.635468000561325,-74.02331300040471
1905,40.63022100133029,-74.02545899958021
1906,40.623498000768514,-74.02820400001742
1907,40.61758700079881,-74.03069600032515
1908,40.61736300092334,-74.03040399983263
1909,40.685222000693486,-73.97762799951134
1910,40.66248200056841,-73.96228500005921
1911,40.66272700123425,-73.96224900053312
1912,40.65425100055826,-73.9619090002616
1913,40.65148200114417,-73.96273199967621
1914,40.62513000114421,-73.960791999871
1915,40.61792800062519,-73.95945400016015
1916,40.768993190994856,-73.95856693389354
1917,40.768694075225895,-73.95828742694161
1918,40.76704011861197,-73.95947434183111
1919,40.766883773843524,-73.95959172742543
1920,40.77781827125065,-73.9513360610413
1921,40.77786374299723,-73.95145983988807
1922,40.77774066254923,-73.95162525452048
1923,40.77618770946792,-73.95281423699555
1924,40.784098884955554,-73.94747299691045
1925,40.783916088309326,-73.94761889814153
1926,40.78292438898596,-73.94772938539093
1927,40.78296690878563,-73.94823792460468
